month,commits,total_files_changed,average_files_changed,additions,deletions
2010-04,169,394,2.33,10741,2681
2010-05,96,228,2.38,3521,1292
2010-06,68,101,1.49,1419,404
2010-07,168,330,1.96,5724,2579
2010-08,21,43,2.05,279,92
2010-09,3,3,1.0,33,1
2010-10,18,40,2.22,239,74
2010-11,6,11,1.83,86,25
2010-12,7,9,1.29,60,8
2011-01,12,19,1.58,188,11
2011-02,7,10,1.43,67,30
2011-03,32,51,1.59,803,217
2011-04,10,12,1.2,49,24
2011-05,30,54,1.8,1076,546
2011-06,105,163,1.55,2556,1119
2011-07,61,72,1.18,631,144
2011-08,100,210,2.1,4852,3098
2011-09,64,111,1.73,1313,449
2011-10,21,23,1.1,100,23
2011-11,16,20,1.25,239,30
2011-12,5,7,1.4,100,88
2012-01,37,51,1.38,662,195
2012-02,20,21,1.05,197,107
2012-03,57,61,1.07,840,451
2012-04,62,106,1.71,1222,417
2012-05,8,16,2.0,117,35
2012-06,23,20,0.87,263,82
2012-07,23,18,0.78,36,23
2012-08,19,22,1.16,281,159
2012-09,8,11,1.38,25,29
2012-10,48,73,1.52,1091,285
2012-11,11,8,0.73,17,9
2012-12,16,25,1.56,123,65
2013-01,18,22,1.22,342,68
2013-02,8,11,1.38,59,28
2013-03,16,12,0.75,85,10
2013-04,5,5,1.0,10,10
2013-05,109,220,2.02,1302,983
2013-06,74,128,1.73,1048,207
2013-07,25,19,0.76,164,33
2013-08,19,18,0.95,177,14
2013-09,19,25,1.32,249,139
2013-10,20,19,0.95,113,32
2013-11,3,7,2.33,33,32
2013-12,5,7,1.4,61,26
2014-01,18,61,3.39,145,56
2014-02,55,43,0.78,205,85
2014-03,39,20,0.51,93,75
2014-04,57,88,1.54,1276,517
2014-05,36,32,0.89,570,289
2014-06,15,8,0.53,48,29
2014-07,28,48,1.71,193,140
2014-08,37,151,4.08,703,1168
2014-09,66,152,2.3,4969,4887
2014-10,38,49,1.29,215,72
2014-11,38,157,4.13,464,456
2014-12,38,40,1.05,437,280
2015-01,22,66,3.0,311,286
2015-02,41,49,1.2,537,249
2015-03,51,51,1.0,369,149
2015-04,30,40,1.33,511,364
2015-05,14,10,0.71,24,12
2015-06,32,37,1.16,341,235
2015-07,18,10,0.56,35,24
2015-08,3,3,1.0,19,10
2015-09,4,3,0.75,28,23
2015-10,15,16,1.07,237,33
2015-11,20,11,0.55,78,28
2015-12,16,15,0.94,146,131
2016-01,12,8,0.67,47,30
2016-02,11,8,0.73,17,21
2016-03,15,11,0.73,46,91
2016-04,19,54,2.84,184,347
2016-05,40,72,1.8,644,391
2016-06,88,116,1.32,1123,611
2016-07,12,40,3.33,382,376
2016-08,20,47,2.35,225,108
2016-09,29,39,1.34,283,109
2016-10,11,16,1.45,99,15
2016-11,15,23,1.53,57,150
2016-12,27,43,1.59,165,92
2017-01,14,19,1.36,113,33
2017-02,11,36,3.27,173,108
2017-03,31,48,1.55,207,87
2017-04,47,63,1.34,899,487
2017-05,166,181,1.09,4166,3145
2017-06,82,105,1.28,1243,1598
2017-07,17,51,3.0,1021,744
2017-08,13,15,1.15,70,19
2017-09,6,11,1.83,4,9
2017-10,12,9,0.75,315,257
2017-11,11,12,1.09,59,7
2017-12,24,25,1.04,74,81
2018-01,42,62,1.48,883,399
2018-02,24,202,8.42,4190,3177
2018-03,8,8,1.0,46,9
2018-04,110,173,1.57,1955,2006
2018-05,42,41,0.98,340,88
2018-06,24,11,0.46,19,17
2018-07,9,9,1.0,80,27
2018-08,2,4,2.0,24,4
2018-09,20,40,2.0,218,280
2018-10,15,31,2.07,251,174
2018-11,13,14,1.08,165,99
2018-12,12,15,1.25,53,35
2019-01,52,36,0.69,302,327
2019-02,6,9,1.5,49,32
2019-03,6,9,1.5,70,36
2019-04,11,12,1.09,68,24
2019-05,112,225,2.01,5049,4285
2019-06,44,207,4.7,1753,1876
2019-07,41,49,1.2,674,526
2019-08,16,8,0.5,13,7
2019-09,18,29,1.61,219,216
2019-10,17,21,1.24,193,124
2019-11,20,29,1.45,223,193
2019-12,2,5,2.5,16,3
2020-01,3,3,1.0,10,8
2020-02,40,22,0.55,61,37
2020-03,13,8,0.62,22,25
2020-04,36,298,8.28,1351,3219
2020-05,13,28,2.15,813,438
2020-06,34,24,0.71,346,401
2020-07,54,61,1.13,985,825
2020-08,19,13,0.68,17,14
2020-09,8,7,0.88,13,14
2020-10,20,36,1.8,1001,547
2020-11,19,35,1.84,386,746
2020-12,4,2,0.5,3,3
2021-01,26,29,1.12,102,108
2021-02,48,69,1.44,718,482
2021-03,21,23,1.1,782,630
2021-04,50,82,1.64,1264,668
2021-05,116,156,1.34,954,633
2021-06,27,31,1.15,181,121
2021-07,21,21,1.0,85,50
2021-08,38,30,0.79,239,112
2021-09,20,20,1.0,39,39
2021-10,31,29,0.94,149,131
2021-11,38,67,1.76,514,432
2021-12,22,19,0.86,95,78
2022-01,11,24,2.18,229,70
2022-02,27,35,1.3,375,592
2022-03,37,50,1.35,434,218
2022-04,34,38,1.12,151,130
2022-05,44,75,1.7,823,608
2022-06,54,114,2.11,2742,2631
2022-07,54,98,1.81,1569,1118
2022-08,57,91,1.6,697,1271
2022-09,8,9,1.12,21,25
2022-10,9,11,1.22,120,52
2022-11,10,16,1.6,45,52
2022-12,23,30,1.3,61,55
2023-01,20,59,2.95,506,451
2023-02,43,81,1.88,1046,1177
2023-03,18,19,1.06,46,34
2023-04,61,135,2.21,759,1356
2023-05,41,50,1.22,221,214
2023-06,40,63,1.57,1772,1562
2023-07,15,11,0.73,45,41
2023-08,34,47,1.38,227,376
2023-09,10,14,1.4,22,12
2023-10,8,9,1.12,62,16
2023-11,22,98,4.45,659,545
2023-12,13,32,2.46,359,247
2024-01,18,25,1.39,102,87
2024-02,13,12,0.92,30,22
2024-04,24,56,2.33,433,363
2024-05,20,15,0.75,33,32
2024-06,8,15,1.88,58,12
2024-07,10,11,1.1,98,70
2024-08,16,41,2.56,250,254
2024-09,4,4,1.0,17,1
2024-10,21,50,2.38,191,200
2024-11,38,66,1.74,594,190
2025-01,7,15,2.14,51,643
2025-03,18,22,1.22,110,129
2025-05,16,59,3.69,2274,891
2025-06,13,36,2.77,361,316
2025-07,1,2,2.0,2,1
2025-08,20,32,1.6,833,674
2025-09,4,43,10.75,947,1068
2025-10,1,2,2.0,5,4
2025-11,9,13,1.44,1063,654
2025-12,1,1,1.0,1,1
2026-01,21,39,1.86,994,632
2026-02,17,42,2.47,590,433
2026-03,8,16,2.0,723,533
2026-04,7,10,1.43,464,381
2026-05,8,12,1.5,488,522
2026-06,1,9,9.0,1003,661
2026-07,7,20,2.86,1188,879
2026-08,9,13,1.44,32,23
